panel_metric,scenario,geo,p05,p25,median,p75,p95,frozen_central_2030
Modal share: public transport,SC1,Tehran,2.6810377163617924,2.7594516662221955,2.8075450795223715,3.056422776348205,6.464884192720998,2.761613679767936
Modal share: public transport,SC1,Region 12,0.9268382561403326,1.0348566515288418,1.068669641034345,1.137916168879328,1.3243084974024741,1.1042415408428472
Modal share: public transport,SC2,Tehran,5.06310361987821,5.39137419163855,5.485989225940188,5.596670536948796,6.649898249496372,5.455046846864947
Modal share: public transport,SC2,Region 12,2.4523222918733527,2.5266284919437316,2.6472650885376505,2.78846194316223,3.75918355255796,2.7575276363543093
Modal share: public transport,SC3,Tehran,1.1125817689151016,1.1822760998618538,1.2140915254147564,1.2394195271866622,1.2916596306688681,1.2137063903167336
Modal share: public transport,SC3,Region 12,1.4498490337420789,1.547104546108375,1.6249167906261435,1.7836966609280664,2.4787368286681515,1.721778540821434
Modal share: public transport,SC4,Tehran,7.56503621143092,7.84921424608806,7.962797845892141,8.119978591525568,9.124472555810751,7.961440537765414
Modal share: public transport,SC4,Region 12,5.423057728263149,5.583262145606909,5.79528448703085,6.1699658796257975,6.970542929793209,5.781757986557811
Modal share: public transport,SC5,Tehran,31.6399190724737,35.16223885121965,38.121192980145494,41.618871675513276,45.60900453559224,39.79104213234001
Modal share: public transport,SC5,Region 12,5.953055359356724,6.240228625312832,6.409638413780673,6.933471252352802,7.763038086708317,6.52730746915192
Modal share: public transport,SC6,Tehran,17.070272070315244,21.67877515978904,25.248250385144143,30.653132467057326,36.87995117344596,27.39792583797776
Modal share: public transport,SC6,Region 12,1.4393579358578492,1.731029069686326,1.8500445060625919,2.0906371264918007,2.5951971717759603,1.7899064326070946
Modal share: public transport,SC7,Tehran,0.0,0.0,0.0,0.0,0.0,0.0
Modal share: public transport,SC7,Region 12,0.0,0.0,0.0,0.0,0.0,0.0
Modal share: public transport,SC8,Tehran,29.39621514180091,35.086977289924626,38.81333734576397,44.78835453420294,51.26885452725594,41.17490048767055
Modal share: public transport,SC8,Region 12,8.706464633180735,9.002180054857272,9.390037575783253,10.086760709661862,11.74148476556774,9.337122421237945
Modal share: public transport,SC9,Tehran,42.08181357632196,46.159414008377,49.96426545083745,53.25333915223366,57.73070253758189,51.49395602496786
Modal share: public transport,SC9,Region 12,10.978300690305934,11.575473286030128,12.049813359434161,12.462599471847321,14.315186132785682,12.108272781168832
Modal share: public transport,SC10,Tehran,41.61626868686521,45.542578159632484,48.99580549903399,52.68544602448691,57.31721530246999,50.760285212576726
Modal share: public transport,SC10,Region 12,11.88821601303342,12.450807677646347,12.83991635463547,13.465571919840187,15.024627535544,13.152709337306456
Modal share: public transport,SC11,Tehran,40.59099017944096,44.76961754351369,48.68550812049893,52.80994668225675,57.86657795867693,50.510136995944606
Modal share: public transport,SC11,Region 12,10.175917928980192,10.64755869005823,11.161132928489103,11.582945022677276,13.46802798229191,11.10248302779211
Time loss (car),SC1,Tehran,-12.198355541348201,-10.443737646482674,-9.703664984185457,-9.613164337150042,-9.548175546885865,-9.652354138685729
Time loss (car),SC1,Region 12,-9.277616363195245,-8.371572793812035,-7.976745855363392,-7.857394716298009,-7.662363002436004,-7.867434477830746
Time loss (car),SC2,Tehran,-4.607349680716217,-4.0490390864478645,-3.9033777539237473,-3.67268207171924,-3.489947725036996,-3.8666393756053306
Time loss (car),SC2,Region 12,-7.779181519998538,-7.572377089131534,-7.380427848395167,-7.089061738099455,-6.8500189126571565,-7.214032630521538
Time loss (car),SC3,Tehran,-0.8405799537703048,-0.7698204555015391,-0.7383687446239393,-0.6972064211713522,-0.6565978665724088,-0.733099635217264
Time loss (car),SC3,Region 12,-5.935772020880149,-5.776516912853188,-5.732291587069127,-5.5335385760445455,-5.22760843830445,-5.629444564437374
Time loss (car),SC4,Tehran,-3.466426816851829,-2.84535407135558,-2.5195496976117577,-2.204381769424173,-1.9781742635611064,-2.4166570416280457
Time loss (car),SC4,Region 12,-5.450396470062615,-5.043648008982272,-4.737376442304162,-4.497465497055145,-4.12735101408839,-4.594573476964862
Time loss (car),SC5,Tehran,-19.327062618462524,-17.58045742355371,-16.124902332058518,-15.037234502392081,-13.162280942755233,-16.215579145764014
Time loss (car),SC5,Region 12,-13.629655793463309,-12.60255659822548,-11.883102512570952,-11.052136222994562,-9.907349452699151,-11.6445671748821
Time loss (car),SC6,Tehran,-16.66201723475367,-14.31925611496088,-12.789892675015516,-11.862781318023593,-10.08809802314486,-13.181437193968387
Time loss (car),SC6,Region 12,-10.226825570115919,-8.83627665981317,-8.204213957419864,-7.380728394800948,-6.282185311008884,-8.153811047871312
Time loss (car),SC7,Tehran,0.022667141372424544,0.0256871396837982,0.0274752732960757,0.030838118363363524,0.032486733847600216,0.02771818533288666
Time loss (car),SC7,Region 12,0.01540629505221496,0.017402986783411973,0.0186543694029995,0.0209181710200045,0.02199237592114359,0.018821071822443206
Time loss (car),SC8,Tehran,-28.18285502648856,-25.662133504769443,-23.84920807054216,-23.23051262932583,-21.038833466306667,-24.349854523463218
Time loss (car),SC8,Region 12,-23.635899906889986,-22.4705018521858,-21.625520550574162,-20.87552993685885,-19.62820637476397,-21.407173851188006
Time loss (car),SC9,Tehran,-24.452972982116922,-23.07214950061322,-21.275692944624517,-19.701288831912244,-18.00709078653639,-21.180611472609197
Time loss (car),SC9,Region 12,-23.609800074691844,-22.62740203769666,-21.826407636263497,-20.776044026445174,-19.544105301001807,-21.49238255422801
Time loss (car),SC10,Tehran,-22.55821065067412,-20.97578857852964,-19.22183607410913,-17.65392855238317,-15.951478819213525,-19.133811649919306
Time loss (car),SC10,Region 12,-19.76345770915687,-18.524195189902464,-17.715242292948723,-16.47851966939218,-15.398292379241054,-17.26245149338324
Time loss (car),SC11,Tehran,-28.201494498206177,-26.39792259687447,-24.91375295361266,-23.5812317476207,-21.734761474483697,-24.90799473360341
Time loss (car),SC11,Region 12,-26.031287121267994,-24.966382318837688,-24.350790062237095,-23.345257947379217,-22.108573926784043,-23.922199438828528
PCE-weighted VKT,SC1,Tehran,-5.201426140067303,-4.471945234258348,-4.213152971417904,-4.167432165738768,-4.120216816824335,-4.189897502860366
PCE-weighted VKT,SC1,Region 12,-4.405175395818029,-4.36780597709787,-4.321663367157243,-4.294039361512115,-4.251793308271967,-4.325480790203932
PCE-weighted VKT,SC2,Tehran,-1.49221461709677,-1.3052117044463134,-1.2299596457277864,-1.1168701209623284,-1.0248197589018702,-1.2131117649531349
PCE-weighted VKT,SC2,Region 12,-2.0839770494250995,-2.000218184281214,-1.9166310388254255,-1.8604550906029396,-1.7739576126636991,-1.9235799738736605
PCE-weighted VKT,SC3,Tehran,-0.2531360079039324,-0.22831682088328267,-0.21691559602206195,-0.202428788615963,-0.18615836380039888,-0.21289991127490407
PCE-weighted VKT,SC3,Region 12,-1.3194541889384501,-1.2317230163902682,-1.1481923132397784,-1.1132070761294934,-1.0369912111269475,-1.165312453458553
PCE-weighted VKT,SC4,Tehran,-1.4684770805851326,-1.2211264863218072,-1.0631864902034478,-0.9502526724427378,-0.8407853804338005,-1.0393131795109245
PCE-weighted VKT,SC4,Region 12,-3.2285767102798926,-3.039070828566696,-2.8605479648731853,-2.743732981536645,-2.5687996577415864,-2.773710245146886
PCE-weighted VKT,SC5,Tehran,-7.63418205199745,-7.058600934147214,-6.279951917083338,-5.820222658301473,-5.166373920180712,-6.343910563390643
PCE-weighted VKT,SC5,Region 12,-2.6065270255330018,-2.3986915335878893,-2.1696027662056285,-2.0385390538699726,-1.9000416422408193,-2.181164941663745
PCE-weighted VKT,SC6,Tehran,-6.230865308507617,-5.261271063571927,-4.595485521713749,-4.219214593016413,-3.533285877188308,-4.767807441127122
PCE-weighted VKT,SC6,Region 12,-0.9523547333192905,-0.8422661276776369,-0.7806971932240914,-0.6461814530272247,-0.49665095999523906,-0.6529016726192819
PCE-weighted VKT,SC7,Tehran,0.009881562439103899,0.011243255503243125,0.011994486475901199,0.01347858234471755,0.01423394367776847,0.01209909620324754
PCE-weighted VKT,SC7,Region 12,0.0,0.0,0.0,0.0,0.0,0.0
PCE-weighted VKT,SC8,Tehran,-11.825904028101,-10.815259663394215,-9.905737966719865,-9.568705295055908,-8.665638079887561,-10.115938090603645
PCE-weighted VKT,SC8,Region 12,-8.819965454416305,-8.494945820443604,-8.237074535815712,-8.050886549725499,-7.671764001820681,-8.088079545686425
PCE-weighted VKT,SC9,Tehran,-9.699726165829418,-9.152665111393542,-8.388164535102234,-7.561173810071972,-7.01986080451165,-8.256707467147015
PCE-weighted VKT,SC9,Region 12,-6.232993614528334,-5.971136372486429,-5.534023103156687,-5.284994072010122,-4.991716950725889,-5.574780479934941
PCE-weighted VKT,SC10,Tehran,-9.208721973107478,-8.622252298568641,-7.860278236186142,-7.048926920461208,-6.466776595924337,-7.725654096941162
PCE-weighted VKT,SC10,Region 12,-6.1837864804832785,-5.742213992433582,-5.462736874992096,-5.114563586940541,-4.662181961286151,-5.288014843239387
PCE-weighted VKT,SC11,Tehran,-11.739039771255861,-11.09829208818006,-10.312215094449435,-9.647334946899052,-8.969400964020384,-10.268150176649714
PCE-weighted VKT,SC11,Region 12,-7.937663495258389,-7.590260507671851,-7.25128954257401,-7.0522304933699616,-6.771722847408432,-7.234079856290058
CO₂ emissions,SC1,Tehran,-5.495802748771448,-4.690099776799294,-4.27651977477502,-4.250889372831041,-4.226032467831081,-4.267761299932622
CO₂ emissions,SC1,Region 12,-0.6476243652100604,-0.5682573060696957,-0.5462160606125144,-0.5209545211825918,-0.47587992433334797,-0.5364892889717275
CO₂ emissions,SC2,Tehran,-1.828361211126416,-1.6269118141319259,-1.5523646559863078,-1.4952840512105539,-1.433656582605816,-1.5455708998886704
CO₂ emissions,SC2,Region 12,-2.184819374457215,-2.058858484729636,-1.9953238204052826,-1.9382847819866236,-1.8809829318588973,-1.9796176015603673
CO₂ emissions,SC3,Tehran,-0.31767457910015323,-0.29966065127885166,-0.285196327749986,-0.27659009859355316,-0.26285406826236307,-0.2857631585292747
CO₂ emissions,SC3,Region 12,-1.5255602161622843,-1.427710143459781,-1.3766836143482994,-1.3488909779605418,-1.2930419482675999,-1.381505983317269
CO₂ emissions,SC4,Tehran,-1.119687474056821,-0.9068850157674513,-0.7930555589461816,-0.6808816413069368,-0.6134578591837809,-0.7470316131677955
CO₂ emissions,SC4,Region 12,-1.7264448295570083,-1.535293572467314,-1.442116622743201,-1.3193818703759368,-1.2283170495935514,-1.403376582201474
CO₂ emissions,SC5,Tehran,-7.911065357450735,-7.091227154593294,-6.303121582161284,-6.082016899053816,-5.274773872170336,-6.573917367463464
CO₂ emissions,SC5,Region 12,-1.4500446127680164,-1.2951335940564057,-1.1759086520435251,-1.094072046397525,-1.0055820178057664,-1.1501718113017791
CO₂ emissions,SC6,Tehran,-7.450980840346189,-6.310824735255141,-5.698479884546472,-5.213109118829493,-4.508895674002973,-5.886924649219636
CO₂ emissions,SC6,Region 12,-1.0291747081802678,-0.8985278742502324,-0.8619796935771387,-0.6758974862177174,-0.5259200379860729,-0.723791047397894
CO₂ emissions,SC7,Tehran,-1.5248038570668507,-1.3622708010368463,-1.270058334706721,-1.1236761467687504,-1.0341575251145494,-1.2635040807005848
CO₂ emissions,SC7,Region 12,-2.918719935358015,-2.5268283828983105,-2.3956766711879305,-2.1362415257147704,-1.8758448639620866,-2.3295414533809846
CO₂ emissions,SC8,Tehran,-12.774496042900985,-11.527160772651508,-10.753956438565915,-10.270011515940979,-9.453100411276566,-10.98779360060669
CO₂ emissions,SC8,Region 12,-3.956861004620272,-3.489606031034519,-3.264151148867176,-3.096954838888848,-2.8403104878046523,-3.186964451042829
CO₂ emissions,SC9,Tehran,-10.31265851813929,-9.276933020511134,-8.315006649853474,-8.11425250867992,-7.151470752302592,-8.656462300723923
CO₂ emissions,SC9,Region 12,-4.649512140178409,-4.331439570648393,-4.0317570388833515,-3.8974565516325024,-3.7740152324018053,-4.078587792569007
CO₂ emissions,SC10,Tehran,-9.725004374107474,-8.71221848179601,-7.694960059998555,-7.49397651907245,-6.49859235001486,-8.032855228245182
CO₂ emissions,SC10,Region 12,-4.371415739033382,-3.918066846681417,-3.6370943277555474,-3.5308471988173835,-3.277428257487893,-3.514237075416285
CO₂ emissions,SC11,Tehran,-12.878681330439248,-11.737302360104504,-10.85807103192981,-10.590270717625689,-9.602614111571691,-11.15466526735764
CO₂ emissions,SC11,Region 12,-5.520060510729228,-4.997030668364749,-4.736051434087957,-4.668331101834823,-4.495065720102553,-4.7265624929370516
NOₓ emissions,SC1,Tehran,-5.4908008692010215,-4.68977628509915,-4.326588019558208,-4.287365276435328,-4.2556165240288,-4.3050993920211065
NOₓ emissions,SC1,Region 12,-0.7412478241269561,-0.6959160339793518,-0.6678176172923498,-0.6492691953392602,-0.6154063328419022,-0.669218442420695
NOₓ emissions,SC2,Tehran,-1.7971699418536928,-1.6023222267453585,-1.527227070197413,-1.4596676285332837,-1.3935265876078324,-1.524658139794004
NOₓ emissions,SC2,Region 12,-1.9661316868382486,-1.8690092019135416,-1.7989360110064812,-1.712981829888447,-1.6311140804002013,-1.8013325527129291
NOₓ emissions,SC3,Tehran,-0.3201559142857927,-0.29447319865119653,-0.28391348884843115,-0.2717090243451358,-0.2561397624916786,-0.28193158762236264
NOₓ emissions,SC3,Region 12,-1.425785106438645,-1.3088524399354833,-1.2591859906175698,-1.2163141679016911,-1.1463112044219408,-1.2778379396383919
NOₓ emissions,SC4,Tehran,-1.2852904959030027,-1.0607121650327391,-0.9244034551298956,-0.8128081138608972,-0.7261161341899044,-0.891793153803442
NOₓ emissions,SC4,Region 12,-2.2915608161662373,-2.2038196582874114,-2.0947453182269964,-2.0143993230065282,-1.9011692234817417,-2.087720600868797
NOₓ emissions,SC5,Tehran,-7.865706523416096,-7.275050882634768,-6.7308409852075055,-6.263662638082167,-5.580604734266598,-6.778405162330728
NOₓ emissions,SC5,Region 12,-2.6448969013857537,-2.5153179670766592,-2.4143513861224823,-2.2806903341747677,-2.2124242370879905,-2.3458931656421593
NOₓ emissions,SC6,Tehran,-11.37859054988118,-10.115501634085057,-9.47688105638731,-9.01554156304497,-7.7805240734445675,-9.601514194745596
NOₓ emissions,SC6,Region 12,-18.7452230246492,-17.521680142073073,-16.49875870812223,-15.289857071805606,-13.165506122082165,-15.908393228480547
NOₓ emissions,SC7,Tehran,-3.1162012471062503,-2.854831884077813,-2.5506042466940215,-2.3293734189889648,-2.0833569824076528,-2.562490750657065
NOₓ emissions,SC7,Region 12,-6.836442918141942,-6.28430234893078,-5.81836741353293,-5.086225536244131,-4.308447999657234,-5.517851485250358
NOₓ emissions,SC8,Tehran,-15.165584579689568,-13.8778366047675,-13.175429295678484,-12.757500381828166,-11.61490556493289,-13.37105297701746
NOₓ emissions,SC8,Region 12,-15.250514056503043,-14.475883440451968,-13.955670260108086,-13.31394038614337,-11.880983082066749,-13.554119974524935
NOₓ emissions,SC9,Tehran,-11.645758990017974,-10.852306925452606,-10.15782047341058,-9.542891330280412,-8.70243698534861,-10.157092391633926
NOₓ emissions,SC9,Region 12,-10.415023693023501,-10.248600862586065,-10.021420408538305,-9.703109141678947,-9.116181551401352,-9.868062401229723
NOₓ emissions,SC10,Tehran,-13.751744426209488,-12.532930127973142,-11.688956129812889,-11.187736642795802,-9.880294584548658,-11.82853582785305
NOₓ emissions,SC10,Region 12,-19.942536228703474,-19.033056583205095,-18.34131648831923,-17.571719544173963,-15.475636301061702,-17.66607533021006
NOₓ emissions,SC11,Tehran,-15.852180542018631,-14.702293955431854,-13.956415068707887,-13.42095698964528,-12.20225783569515,-14.066982419526767
NOₓ emissions,SC11,Region 12,-17.13916723193465,-16.44892212092401,-16.052931393696202,-15.39004195642788,-13.873961542633207,-15.526666713263666
PM₂.₅ emissions,SC1,Tehran,-4.891676662721563,-4.261953954468405,-4.005777680107593,-3.9808196123656683,-3.9679171433263893,-3.9968645465001384
PM₂.₅ emissions,SC1,Region 12,-0.388859771569746,-0.35960326176459034,-0.34546848034551514,-0.332969441445776,-0.29604422586038825,-0.33104068902941736
PM₂.₅ emissions,SC2,Tehran,-0.3126292279314316,-0.22389061580841665,-0.16527632427957167,-0.1276649878408818,-0.054303485650649734,-0.16172570470408845
PM₂.₅ emissions,SC2,Region 12,0.4631648892979564,0.5576276325661516,0.6092651323871702,0.6861255944080767,0.7850607045676293,0.6477439477074594
PM₂.₅ emissions,SC3,Tehran,-0.013640234343135904,-0.001414884251159475,0.00615101348263215,0.016160573873366425,0.024559684912346953,0.00734448409921381
PM₂.₅ emissions,SC3,Region 12,0.4415560243746281,0.49184682043681227,0.5234725589210663,0.5692263655079048,0.7035621306408613,0.544101264983387
PM₂.₅ emissions,SC4,Tehran,-0.7638221207701587,-0.6325439149844457,-0.5380177946736724,-0.471634333777251,-0.42949868929426915,-0.5176866001141259
PM₂.₅ emissions,SC4,Region 12,-1.820230700283385,-1.7292370888520803,-1.6300108976324577,-1.577099299829346,-1.4125628528982164,-1.5743345467216765
PM₂.₅ emissions,SC5,Tehran,-5.101599267587242,-4.646066637478098,-4.27111505306725,-4.12045813230875,-3.703480360357525,-4.420606636258244
PM₂.₅ emissions,SC5,Region 12,-3.218083476812328,-3.0527088054623066,-2.927985232419511,-2.829210587452123,-2.680859036875496,-2.8006715216567852
PM₂.₅ emissions,SC6,Tehran,-18.71274441978498,-17.304430650749175,-16.521683530485426,-15.351940678749852,-14.35377798823348,-16.568008482446352
PM₂.₅ emissions,SC6,Region 12,-38.28827977349161,-36.89303276969247,-36.13382562942688,-33.979578163827895,-32.32416691621668,-35.31633387112057
PM₂.₅ emissions,SC7,Tehran,-1.9780540278366676,-1.6384559596511152,-1.5038260854753158,-1.3452856383703842,-1.1264665248789458,-1.4485063616694185
PM₂.₅ emissions,SC7,Region 12,-3.1259386109714327,-2.818665951296704,-2.5958010902742363,-2.3048756129616144,-1.8684697461838478,-2.3800722576593354
PM₂.₅ emissions,SC8,Tehran,-18.12074757093787,-16.82524692591283,-16.192014325972927,-15.679811703417922,-14.568344655838278,-16.37524504486449
PM₂.₅ emissions,SC8,Region 12,-26.40350571016758,-25.501065601956633,-24.888527813186563,-23.527696630712093,-22.468542185534396,-24.365004894827766
PM₂.₅ emissions,SC9,Tehran,-9.994722777402833,-9.133155327866662,-8.736316232794191,-8.478081243255906,-7.675605444258865,-8.864443838518609
PM₂.₅ emissions,SC9,Region 12,-13.925153774208775,-13.47363261890873,-13.164541029841994,-12.606356583569736,-11.908161631771284,-12.867627787659654
PM₂.₅ emissions,SC10,Tehran,-17.21957832816485,-15.849154374849178,-15.249682982290157,-14.442407038531362,-13.365338300560673,-15.296561808467034
PM₂.₅ emissions,SC10,Region 12,-33.27421291977663,-32.14394591875528,-31.327610696782425,-29.57066590634097,-28.378620782815076,-30.748208382235376
PM₂.₅ emissions,SC11,Tehran,-16.959092380608254,-15.64487103884661,-15.117594358637412,-14.702222198622536,-13.550062066194933,-15.268362593208678
PM₂.₅ emissions,SC11,Region 12,-25.70655189394394,-24.72715963636497,-24.175895755986442,-22.87700476779641,-21.820604152707567,-23.59157726266214
Health indicator,SC1,Tehran,-2.679788623437308,-2.278992428217122,-2.1288534004015234,-2.1146375297266173,-2.107411079287966,-2.116949206001527
Health indicator,SC1,Region 12,-2.081882533795464,-1.8775825530082328,-1.7506813848687974,-1.724263158325193,-1.7038601721887503,-1.7329101092288828
Health indicator,SC2,Tehran,-0.7734599174806298,-0.7000367780669506,-0.6723913468834141,-0.6415659996671257,-0.6138618211921585,-0.6684597009492688
Health indicator,SC2,Region 12,-1.088591432318726,-1.0144704598113374,-0.975753814288876,-0.9414304616913243,-0.8936713785824426,-0.970310330741206
Health indicator,SC3,Tehran,-0.13437625183351182,-0.12592291575201114,-0.12177693071561255,-0.11661348761184095,-0.11062617904142728,-0.1208771805673902
Health indicator,SC3,Region 12,-0.4442664999484128,-0.4289332198568829,-0.4075708215610435,-0.39697889347800297,-0.3736355519635859,-0.4134565905904257
Health indicator,SC4,Tehran,-0.5862318893544761,-0.4890846972712568,-0.42727195206966573,-0.3762187477110416,-0.34036685962124824,-0.41301329498526707
Health indicator,SC4,Region 12,-1.0327479330839577,-0.9759003870262424,-0.8914603491394442,-0.8486564056037205,-0.7733850630704214,-0.868124258194125
Health indicator,SC5,Tehran,-3.6897314180896186,-3.402260770399863,-3.150387358608187,-2.9967132213009675,-2.668987773335976,-3.2153341382054617
Health indicator,SC5,Region 12,-3.6072760493870173,-3.32813388270145,-3.0949200908028205,-2.912356172320699,-2.6677422439421825,-3.1027550224229454
Health indicator,SC6,Tehran,-6.151385106573165,-5.475003913615749,-5.081219838012121,-4.931138248857055,-4.328895045706201,-5.243193206608563
Health indicator,SC6,Region 12,-8.106259648271378,-7.605152801055774,-7.3201742592626236,-6.823113081657841,-6.254636284910097,-7.151544622561464
Health indicator,SC7,Tehran,-1.4359503317793816,-1.3366629488101442,-1.187155868185808,-1.1038255530872252,-0.9718505094465468,-1.1985855827621066
Health indicator,SC7,Region 12,-2.443190003604858,-2.2001345875690195,-2.109686580111463,-1.9016333428114913,-1.7260080070774424,-2.0064734702459557
Health indicator,SC8,Tehran,-7.736353371307792,-7.135448165745395,-6.825269316335451,-6.616158484965029,-6.060442515017701,-6.906180879682498
Health indicator,SC8,Region 12,-8.935762348436826,-8.332905284101868,-8.20832866800017,-7.874781210143477,-7.39161671768631,-8.125444818006503
Health indicator,SC9,Tehran,-5.639946105818864,-5.283412297894724,-4.999269063030306,-4.705135541155657,-4.308379245575301,-4.990879231832785
Health indicator,SC9,Region 12,-6.772483884066872,-6.3938003228462,-6.204349082649743,-5.876493138186618,-5.50291520842586,-6.114429057472103
Health indicator,SC10,Tehran,-6.994542632438783,-6.462730175138848,-6.047781429150082,-5.8509196783611666,-5.200016655473747,-6.14372929566974
Health indicator,SC10,Region 12,-9.602283141446623,-9.06287499995183,-8.752735784449474,-8.33493796507025,-7.610761187452923,-8.569701683102554
Health indicator,SC11,Tehran,-7.951271905138912,-7.429013817114426,-7.08039956071043,-6.852935896749573,-6.257969177793424,-7.148838155350796
Health indicator,SC11,Region 12,-9.73169835073342,-9.210000211654078,-8.967377857165804,-8.66563807736905,-8.04807325644827,-8.856183803598316
Transport financial balance stock,SC1,Tehran,-1.3277233090463614,-0.5419539720550277,0.0776064894568695,0.25038163559549664,0.31712019817884807,0.01875349957110125
Transport financial balance stock,SC2,Tehran,-1.8145173247071178,-1.5791463121823301,-1.4400373852707342,-1.2713362819353589,-1.0860651086314126,-1.352329035764197
Transport financial balance stock,SC3,Tehran,-0.27663322664887213,-0.2450266581912386,-0.22655124314523795,-0.20028430850506707,-0.16992301512611208,-0.21596728962488104
Transport financial balance stock,SC4,Tehran,-4.819501788900476,-4.3208682071481785,-3.5208421190215464,-3.2079022402067627,-2.790266377912509,-3.411092316059073
Transport financial balance stock,SC5,Tehran,-18.925840084113442,-17.149676614916302,-14.971033188112981,-12.497839743379918,-10.829265207387675,-15.450677963303075
Transport financial balance stock,SC6,Tehran,-18.770140287610257,-16.660271866438258,-14.328850737980876,-11.182639817793547,-9.232774310193522,-14.698147334029384
Transport financial balance stock,SC7,Tehran,-6.0163797346218955,-4.541739143414452,-3.6841931820186122,-2.676235533761001,-2.0235765771712777,-3.580133365038909
Transport financial balance stock,SC8,Tehran,-24.086338979097548,-21.539556584814303,-18.618698676071606,-15.399699908149678,-12.841904924113088,-19.182724888753036
Transport financial balance stock,SC9,Tehran,-23.854613325039452,-21.68478559316974,-19.11053970474962,-16.464218875402086,-14.30873899641393,-19.67249286758126
Transport financial balance stock,SC10,Tehran,-28.60079522833555,-25.89636526672533,-22.47567854933248,-19.243758762958265,-16.623788554838377,-23.165050108812594
Transport financial balance stock,SC11,Tehran,-26.316667808985002,-23.634470778863015,-20.392297815803296,-17.13100106812075,-14.381668477266983,-21.03413988142342
